Méthode,precision,recall,mrr
TF-IDF,0.36000000000000004,0.36000000000000004,0.6622222222222222
Embeddings,0.3666666666666666,0.3666666666666666,0.6611111111111111
ResNet-50,0.3866666666666666,0.3866666666666666,0.3644444444444444
ViT,0.4466666666666666,0.4466666666666666,0.3158333333333333
